priority_rank,meter_id,zone_id,zone_name,alert_tier,risk_score,l1_score,if_score,peer_score,signals_triggered,anomaly_rate,low_flag_rate,frac_very_low,frac_very_high,autocorr,reason_codes,zone_risk_level,full_alert_reason
1,M04006,Z04,Whitefield,High,0.6428164896709619,0.0103009259259259,0.7230279140764995,0.9999999998651524,2,0.0103009259259259,0.0,0.9991898148148148,0.0,0.3509339521324356,Consumption below 20% of zone mean for 99% of time (possible bypass); Low temporal consistency (autocorr=0.35) — consumption pattern irregular; Load shape significantly different from zone peers (feeder mapping anomaly possible),Low,Possible Meter Bypass Detected: Consumption significant below zone forecast for 0.8 hours. Zone peer average recorded higher consumption than this meter. Anomaly persisted across 3 consecutive 15-minute readings (0.8h). LOW: Monitor for recurrence before dispatching.
2,M02008,Z02,Koramangala,High,0.630419904751325,0.314699074074074,1.0,0.0811009153015964,2,0.2372685185185185,0.314699074074074,0.3101851851851852,0.0023148148148148,0.5219031618212304,Consumption below 20% of zone mean for 31% of time (possible bypass); Sustained low consumption: 31% readings flagged (under-reporting risk); Isolation Forest: meter profile classified as statistical outlier in zone peer group,Low,Possible Meter Bypass Detected: Consumption significant below zone forecast for 0.8 hours. Zone peer average recorded higher consumption than this meter. Anomaly persisted across 3 consecutive 15-minute readings (0.8h). LOW: Monitor for recurrence before dispatching.
3,M02004,Z02,Koramangala,High,0.6241790638831447,0.3342592592592592,0.7266007895113795,0.4661920293514086,2,0.3030092592592592,0.3342592592592592,0.5615740740740741,0.0,0.7652237777022662,Consumption below 20% of zone mean for 56% of time (possible bypass); Sustained low consumption: 33% readings flagged (under-reporting risk),Low,Possible Meter Bypass Detected: Consumption significant below zone forecast for 0.8 hours. Zone peer average recorded higher consumption than this meter. Anomaly persisted across 3 consecutive 15-minute readings (0.8h). LOW: Monitor for recurrence before dispatching.
4,M03009,Z03,Indiranagar,Medium,0.5801068628646886,0.20625,1.0,0.0316774514587542,2,0.1967592592592592,0.20625,0.2773148148148148,0.0873842592592592,0.9605357531518236,Consumption below 20% of zone mean for 27% of time (possible bypass); Sustained low consumption: 20% readings flagged (under-reporting risk); Periodic high spikes: 8% readings exceed 3x zone mean (illegal equipment risk),Low,Irregular Consumption Pattern: Consumption deviated significant from expected pattern. Zone peer average recorded higher consumption than this meter. Anomaly persisted across 3 consecutive 15-minute readings (0.8h). LOW: Monitor for recurrence before dispatching.
5,M01004,Z01,Jayanagar,Medium,0.5710778816975565,0.1918981481481481,1.0,0.0156541193828181,2,0.0515046296296296,0.1918981481481481,0.0,0.064699074074074,0.3743918033449049,Periodic high spikes: 6% readings exceed 3x zone mean (illegal equipment risk); Low temporal consistency (autocorr=0.37) — consumption pattern irregular; Isolation Forest: meter profile classified as statistical outlier in zone peer group,Low,Irregular Consumption Pattern: Consumption deviated significant from expected pattern. Zone peer average recorded higher consumption than this meter. Anomaly persisted across 3 consecutive 15-minute readings (0.8h). LOW: Monitor for recurrence before dispatching.
6,M05002,Z05,Rajajinagar,Medium,0.5631250311546859,0.1725694444444444,1.0,0.0109029023965212,2,0.1138888888888888,0.1725694444444444,0.0,0.1097222222222222,0.9727079076828692,Periodic high spikes: 10% readings exceed 3x zone mean (illegal equipment risk); Isolation Forest: meter profile classified as statistical outlier in zone peer group,Low,Irregular Consumption Pattern: Consumption deviated significant from expected pattern. Zone peer average recorded higher consumption than this meter. Anomaly persisted across 3 consecutive 15-minute readings (0.8h). LOW: Monitor for recurrence before dispatching.
7,M06005,Z06,HSR Layout,Medium,0.5592526320230876,0.1556712962962963,1.0,0.0190707132775355,2,0.0568287037037037,0.1556712962962963,0.0859953703703703,0.0074074074074074,0.3179701465459094,Low temporal consistency (autocorr=0.32) — consumption pattern irregular; Isolation Forest: meter profile classified as statistical outlier in zone peer group,Low,Irregular Consumption Pattern: Consumption deviated significant from expected pattern. Zone peer average recorded higher consumption than this meter. Anomaly persisted across 3 consecutive 15-minute readings (0.8h). LOW: Monitor for recurrence before dispatching.
8,M01005,Z01,Jayanagar,Medium,0.5342437416685873,0.1744212962962963,0.5844255979019616,0.557704195216396,2,0.1144675925925925,0.1744212962962963,0.6288194444444445,0.0,0.9813452019253124,Consumption below 20% of zone mean for 62% of time (possible bypass),Low,Irregular Consumption Pattern: Consumption deviated significant from expected pattern. Zone peer average recorded higher consumption than this meter. Anomaly persisted across 3 consecutive 15-minute readings (0.8h). LOW: Monitor for recurrence before dispatching.
9,M05001,Z05,Rajajinagar,Medium,0.4205953874153448,0.1733796296296296,0.6349794920233388,0.0236828809425561,2,0.1160879629629629,0.1733796296296296,0.0458333333333333,0.0,0.9749531864458042,Minor multi-signal deviation from expected consumption pattern,Low,Irregular Consumption Pattern: Consumption deviated significant from expected pattern. Zone peer average recorded higher consumption than this meter. Anomaly persisted across 3 consecutive 15-minute readings (0.8h). LOW: Monitor for recurrence before dispatching.
10,M07010,Z07,Malleshwaram,Medium,0.4142586859608591,0.0,1.0,0.0570347438434361,1,0.0,0.0,0.0,0.0,0.5760432323249997,Isolation Forest: meter profile classified as statistical outlier in zone peer group,Low,Irregular Consumption Pattern: Consumption deviated significant from expected pattern. Zone peer average recorded higher consumption than this meter. Anomaly persisted across 3 consecutive 15-minute readings (0.8h). LOW: Monitor for recurrence before dispatching.
11,M04002,Z04,Whitefield,Medium,0.4136244984800444,0.0,1.0,0.0544979939201775,1,0.0,0.0,0.0,0.0,0.5580076982008494,Isolation Forest: meter profile classified as statistical outlier in zone peer group,Low,Irregular Consumption Pattern: Consumption deviated significant from expected pattern. Zone peer average recorded higher consumption than this meter. Anomaly persisted across 3 consecutive 15-minute readings (0.8h). LOW: Monitor for recurrence before dispatching.
12,M08009,Z08,Electronic City,Medium,0.4114961113199518,0.0,1.0,0.0459844452798072,1,0.0,0.0,0.0,0.0,0.5773636783451801,Isolation Forest: meter profile classified as statistical outlier in zone peer group,Low,Irregular Consumption Pattern: Consumption deviated significant from expected pattern. Zone peer average recorded higher consumption than this meter. Anomaly persisted across 3 consecutive 15-minute readings (0.8h). LOW: Monitor for recurrence before dispatching.
13,M02005,Z02,Koramangala,Medium,0.3539161189349754,0.3641203703703703,0.5598161041858013,0.0101901905241011,1,0.3372685185185185,0.3641203703703703,0.3704861111111111,0.1023148148148148,0.8138430546265609,Consumption below 20% of zone mean for 37% of time (possible bypass); Sustained low consumption: 36% readings flagged (under-reporting risk); Periodic high spikes: 10% readings exceed 3x zone mean (illegal equipment risk),Low,Irregular Consumption Pattern: Consumption deviated significant from expected pattern. Zone peer average recorded higher consumption than this meter. Anomaly persisted across 3 consecutive 15-minute readings (0.8h). LOW: Monitor for recurrence before dispatching.
14,M02002,Z02,Koramangala,Low,0.3034364532670892,0.3542824074074074,0.4420861133644966,0.0104126613147916,1,0.3145833333333333,0.3542824074074074,0.3184027777777777,0.1050925925925926,0.8111682239329576,Consumption below 20% of zone mean for 31% of time (possible bypass); Sustained low consumption: 35% readings flagged (under-reporting risk); Periodic high spikes: 10% readings exceed 3x zone mean (illegal equipment risk),Low,Minor Anomaly Flagged: Minor deviation of significant detected. Zone peer average recorded higher consumption than this meter. Anomaly persisted across 3 consecutive 15-minute readings (0.8h). LOW: Monitor for recurrence before dispatching.
15,M05009,Z05,Rajajinagar,Low,0.2875446704687017,0.1744212962962963,0.5515964790912549,0.0234345005139842,1,0.115625,0.1744212962962963,0.0456018518518518,0.0,0.9844813007682028,Minor multi-signal deviation from expected consumption pattern,Low,Minor Anomaly Flagged: Minor deviation of significant detected. Zone peer average recorded higher consumption than this meter. Anomaly persisted across 3 consecutive 15-minute readings (0.8h). LOW: Monitor for recurrence before dispatching.
16,M05004,Z05,Rajajinagar,Low,0.2206814218430819,0.174074074074074,0.3612169529192,0.0610748589979041,1,0.1140046296296296,0.174074074074074,0.1934027777777777,0.0,0.985322829996326,Consumption below 20% of zone mean for 19% of time (possible bypass),Low,Minor Anomaly Flagged: Minor deviation of significant detected. Zone peer average recorded higher consumption than this meter. Anomaly persisted across 3 consecutive 15-minute readings (0.8h). LOW: Monitor for recurrence before dispatching.
17,M06006,Z06,HSR Layout,Low,0.22004789965628,0.1548611111111111,0.413748675017665,0.0013881630413006,1,0.1417824074074074,0.1548611111111111,0.0,0.0043981481481481,0.9322356065940144,Minor multi-signal deviation from expected consumption pattern,Low,Minor Anomaly Flagged: Minor deviation of significant detected. Zone peer average recorded higher consumption than this meter. Anomaly persisted across 3 consecutive 15-minute readings (0.8h). LOW: Monitor for recurrence before dispatching.
18,M07004,Z07,Malleshwaram,Low,0.2171766385262732,0.171412037037037,0.3750722490078589,0.0286141038406666,1,0.1142361111111111,0.171412037037037,0.0,0.1260416666666666,0.9849331204361534,Periodic high spikes: 12% readings exceed 3x zone mean (illegal equipment risk),Low,Minor Anomaly Flagged: Minor deviation of significant detected. Zone peer average recorded higher consumption than this meter. Anomaly persisted across 3 consecutive 15-minute readings (0.8h). LOW: Monitor for recurrence before dispatching.
19,M05007,Z05,Rajajinagar,Low,0.2083433562648452,0.1712962962962963,0.3628339296310919,0.0130243228348188,1,0.1133101851851851,0.1712962962962963,0.0,0.009375,0.9830610920512964,Minor multi-signal deviation from expected consumption pattern,Low,Minor Anomaly Flagged: Minor deviation of significant detected. Zone peer average recorded higher consumption than this meter. Anomaly persisted across 3 consecutive 15-minute readings (0.8h). LOW: Monitor for recurrence before dispatching.
20,M08007,Z08,Electronic City,Low,0.205311429036805,0.0069444444444444,0.4641634027011202,0.0688620496032055,0,0.0069444444444444,0.0,0.0,0.6744212962962963,0.3483560639425374,Periodic high spikes: 67% readings exceed 3x zone mean (illegal equipment risk); Low temporal consistency (autocorr=0.35) — consumption pattern irregular; Mean consumption 2.4σ above zone average,Low,Minor Anomaly Flagged: Minor deviation of significant detected. Zone peer average recorded higher consumption than this meter. Anomaly persisted across 3 consecutive 15-minute readings (0.8h). LOW: Monitor for recurrence before dispatching.
21,M04008,Z04,Whitefield,Low,0.204169122230049,0.0131944444444444,0.3189633056089809,0.2878629777236042,0,0.0131944444444444,0.0,0.0700231481481481,0.0,0.3458817239377021,Low temporal consistency (autocorr=0.35) — consumption pattern irregular,Low,Minor Anomaly Flagged: Minor deviation of significant detected. Zone peer average recorded higher consumption than this meter. Anomaly persisted across 3 consecutive 15-minute readings (0.8h). LOW: Monitor for recurrence before dispatching.
22,M02003,Z02,Koramangala,Low,0.2009164203968453,0.3378472222222222,0.2001885792198732,0.0103778437244732,1,0.3106481481481482,0.3378472222222222,0.1064814814814814,0.1408564814814814,0.7924664239473287,Sustained low consumption: 33% readings flagged (under-reporting risk); Periodic high spikes: 14% readings exceed 3x zone mean (illegal equipment risk),Low,Minor Anomaly Flagged: Minor deviation of significant detected. Zone peer average recorded higher consumption than this meter. Anomaly persisted across 3 consecutive 15-minute readings (0.8h). LOW: Monitor for recurrence before dispatching.
23,M02006,Z02,Koramangala,Low,0.2002983664121422,0.3377314814814814,0.1540132007049016,0.0819482704466521,1,0.3016203703703703,0.3377314814814814,0.3458333333333333,0.0,0.7985059561595373,Consumption below 20% of zone mean for 34% of time (possible bypass); Sustained low consumption: 33% readings flagged (under-reporting risk),Low,Minor Anomaly Flagged: Minor deviation of significant detected. Zone peer average recorded higher consumption than this meter. Anomaly persisted across 3 consecutive 15-minute readings (0.8h). LOW: Monitor for recurrence before dispatching.
24,M03002,Z03,Indiranagar,Low,0.1953369659720897,0.159375,0.3434059271137303,0.0087733805063902,1,0.1436342592592592,0.159375,0.0,0.0081018518518518,0.9784843113106784,Minor multi-signal deviation from expected consumption pattern,Low,Minor Anomaly Flagged: Minor deviation of significant detected. Zone peer average recorded higher consumption than this meter. Anomaly persisted across 3 consecutive 15-minute readings (0.8h). LOW: Monitor for recurrence before dispatching.
25,M05003,Z05,Rajajinagar,Low,0.1916703077894364,0.1704861111111111,0.3231075291412156,0.0110286289762449,1,0.1130787037037037,0.1704861111111111,0.0,0.1107638888888888,0.9820850430169296,Periodic high spikes: 11% readings exceed 3x zone mean (illegal equipment risk),Low,Minor Anomaly Flagged: Minor deviation of significant detected. Zone peer average recorded higher consumption than this meter. Anomaly persisted across 3 consecutive 15-minute readings (0.8h). LOW: Monitor for recurrence before dispatching.
26,M07007,Z07,Malleshwaram,Low,0.1892331910218963,0.1748842592592592,0.3111593564088563,0.0142398308704523,1,0.1133101851851851,0.1748842592592592,0.0224537037037037,0.0008101851851851,0.9675768046797784,Minor multi-signal deviation from expected consumption pattern,Low,Minor Anomaly Flagged: Minor deviation of significant detected. Zone peer average recorded higher consumption than this meter. Anomaly persisted across 3 consecutive 15-minute readings (0.8h). LOW: Monitor for recurrence before dispatching.
27,M05008,Z05,Rajajinagar,Low,0.1850200413703704,0.1719907407407407,0.274004917065387,0.0608852611398255,1,0.1140046296296296,0.1719907407407407,0.1913194444444444,0.0,0.9848361200708198,Consumption below 20% of zone mean for 19% of time (possible bypass),Low,Minor Anomaly Flagged: Minor deviation of significant detected. Zone peer average recorded higher consumption than this meter. Anomaly persisted across 3 consecutive 15-minute readings (0.8h). LOW: Monitor for recurrence before dispatching.
28,M03007,Z03,Indiranagar,Low,0.1806531543471884,0.158449074074074,0.3073968669954383,0.0089489264923488,1,0.1440972222222222,0.158449074074074,0.0,0.0087962962962962,0.9783594948435114,Minor multi-signal deviation from expected consumption pattern,Low,Minor Anomaly Flagged: Minor deviation of significant detected. Zone peer average recorded higher consumption than this meter. Anomaly persisted across 3 consecutive 15-minute readings (0.8h). LOW: Monitor for recurrence before dispatching.
29,M06010,Z06,HSR Layout,Low,0.172748853364255,0.1578703703703703,0.2528482210490891,0.0654197412599588,1,0.1436342592592592,0.1578703703703703,0.1810185185185185,0.0,0.9774643267648804,Consumption below 20% of zone mean for 18% of time (possible bypass),Low,Minor Anomaly Flagged: Minor deviation of significant detected. Zone peer average recorded higher consumption than this meter. Anomaly persisted across 3 consecutive 15-minute readings (0.8h). LOW: Monitor for recurrence before dispatching.
30,M02007,Z02,Koramangala,Low,0.1536018918037194,0.3381944444444444,0.0816429158368594,0.0103066796536802,1,0.3059027777777778,0.3381944444444444,0.1069444444444444,0.1373842592592592,0.7987751948015905,Sustained low consumption: 33% readings flagged (under-reporting risk); Periodic high spikes: 13% readings exceed 3x zone mean (illegal equipment risk),Low,Minor Anomaly Flagged: Minor deviation of significant detected. Zone peer average recorded higher consumption than this meter. Anomaly persisted across 3 consecutive 15-minute readings (0.8h). LOW: Monitor for recurrence before dispatching.
31,M02010,Z02,Koramangala,Low,0.1530183108115054,0.3421296296296296,0.0651320741584975,0.0288804431109443,1,0.3077546296296296,0.3421296296296296,0.2269675925925925,0.0,0.7950133556082183,Consumption below 20% of zone mean for 22% of time (possible bypass); Sustained low consumption: 34% readings flagged (under-reporting risk),Low,Minor Anomaly Flagged: Minor deviation of significant detected. Zone peer average recorded higher consumption than this meter. Anomaly persisted across 3 consecutive 15-minute readings (0.8h). LOW: Monitor for recurrence before dispatching.
32,M02001,Z02,Koramangala,Low,0.1512174295814241,0.3383101851851852,0.0755408439937971,0.0103701086763618,1,0.3023148148148148,0.3383101851851852,0.1065972222222222,0.1402777777777777,0.7982950756582385,Sustained low consumption: 33% readings flagged (under-reporting risk); Periodic high spikes: 14% readings exceed 3x zone mean (illegal equipment risk),Low,Minor Anomaly Flagged: Minor deviation of significant detected. Zone peer average recorded higher consumption than this meter. Anomaly persisted across 3 consecutive 15-minute readings (0.8h). LOW: Monitor for recurrence before dispatching.
33,M07008,Z07,Malleshwaram,Low,0.1512009077657413,0.1733796296296296,0.1985250550753584,0.0444320614609104,1,0.1158564814814814,0.1733796296296296,0.1751157407407407,0.0,0.980286619884616,Consumption below 20% of zone mean for 17% of time (possible bypass),Low,Minor Anomaly Flagged: Minor deviation of significant detected. Zone peer average recorded higher consumption than this meter. Anomaly persisted across 3 consecutive 15-minute readings (0.8h). LOW: Monitor for recurrence before dispatching.
34,M04001,Z04,Whitefield,Low,0.1506896758363575,0.0099537037037037,0.3324141543563447,0.0569608711900934,0,0.0099537037037037,0.0,0.0,0.0684027777777777,0.354400304186215,Periodic high spikes: 6% readings exceed 3x zone mean (illegal equipment risk); Low temporal consistency (autocorr=0.35) — consumption pattern irregular,Low,Minor Anomaly Flagged: Minor deviation of significant detected. Zone peer average recorded higher consumption than this meter. Anomaly persisted across 3 consecutive 15-minute readings (0.8h). LOW: Monitor for recurrence before dispatching.
35,M01001,Z01,Jayanagar,Low,0.1490790204767557,0.1732638888888888,0.2079168550959456,0.0210796693090656,1,0.1134259259259259,0.1732638888888888,0.0,0.1322916666666666,0.9850079444221492,Periodic high spikes: 13% readings exceed 3x zone mean (illegal equipment risk),Low,Minor Anomaly Flagged: Minor deviation of significant detected. Zone peer average recorded higher consumption than this meter. Anomaly persisted across 3 consecutive 15-minute readings (0.8h). LOW: Monitor for recurrence before dispatching.
36,M01006,Z01,Jayanagar,Low,0.1469807025140582,0.1725694444444444,0.213629625263513,0.00451818741239,1,0.1153935185185185,0.1725694444444444,0.0,0.0412037037037037,0.9614825887350446,Periodic high spikes: 4% readings exceed 3x zone mean (illegal equipment risk),Low,Minor Anomaly Flagged: Minor deviation of significant detected. Zone peer average recorded higher consumption than this meter. Anomaly persisted across 3 consecutive 15-minute readings (0.8h). LOW: Monitor for recurrence before dispatching.
37,M08008,Z08,Electronic City,Low,0.1401411349475961,0.0101851851851851,0.2259165806425083,0.1848387515031121,0,0.0101851851851851,0.0,0.0,0.0,0.3461949728265796,Low temporal consistency (autocorr=0.35) — consumption pattern irregular,Low,Minor Anomaly Flagged: Minor deviation of significant detected. Zone peer average recorded higher consumption than this meter. Anomaly persisted across 3 consecutive 15-minute readings (0.8h). LOW: Monitor for recurrence before dispatching.
38,M08002,Z08,Electronic City,Low,0.1384039195996228,0.0128472222222222,0.218876552452164,0.1854270833639177,0,0.0128472222222222,0.0,0.0,0.0,0.3510691742971613,Low temporal consistency (autocorr=0.35) — consumption pattern irregular,Low,Minor Anomaly Flagged: Minor deviation of significant detected. Zone peer average recorded higher consumption than this meter. Anomaly persisted across 3 consecutive 15-minute readings (0.8h). LOW: Monitor for recurrence before dispatching.
39,M01007,Z01,Jayanagar,Low,0.1371308956304465,0.1711805555555555,0.1548986263708438,0.0610330025506583,1,0.1128472222222222,0.1711805555555555,0.1673611111111111,0.0,0.985214817177356,Consumption below 20% of zone mean for 16% of time (possible bypass),Low,Minor Anomaly Flagged: Minor deviation of significant detected. Zone peer average recorded higher consumption than this meter. Anomaly persisted across 3 consecutive 15-minute readings (0.8h). LOW: Monitor for recurrence before dispatching.
40,M06004,Z06,HSR Layout,Low,0.1338697968937418,0.1605324074074074,0.1907717980762995,0.0054989402825176,1,0.1467592592592592,0.1605324074074074,0.108912037037037,0.0,0.97301607777367,Minor multi-signal deviation from expected consumption pattern,Low,Minor Anomaly Flagged: Minor deviation of significant detected. Zone peer average recorded higher consumption than this meter. Anomaly persisted across 3 consecutive 15-minute readings (0.8h). LOW: Monitor for recurrence before dispatching.
41,M03010,Z03,Indiranagar,Low,0.1275668587133226,0.1594907407407407,0.1791895311359769,0.0002771479986905,1,0.1440972222222222,0.1594907407407407,0.1013888888888888,0.0,0.9783915852566112,Minor multi-signal deviation from expected consumption pattern,Low,Minor Anomaly Flagged: Minor deviation of significant detected. Zone peer average recorded higher consumption than this meter. Anomaly persisted across 3 consecutive 15-minute readings (0.8h). LOW: Monitor for recurrence before dispatching.
42,M08006,Z08,Electronic City,Low,0.1268725854723023,0.0070601851851851,0.1943647314509079,0.1866225123084973,0,0.0070601851851851,0.0,0.0,0.0,0.3485818149864745,Low temporal consistency (autocorr=0.35) — consumption pattern irregular,Low,Minor Anomaly Flagged: Minor deviation of significant detected. Zone peer average recorded higher consumption than this meter. Anomaly persisted across 3 consecutive 15-minute readings (0.8h). LOW: Monitor for recurrence before dispatching.
43,M02009,Z02,Koramangala,Low,0.1256046600666629,0.3380787037037037,3.161435890852715e-09,0.0291084500231689,1,0.3038194444444444,0.3380787037037037,0.2238425925925926,0.0,0.7983740140676188,Consumption below 20% of zone mean for 22% of time (possible bypass); Sustained low consumption: 33% readings flagged (under-reporting risk),Low,Minor Anomaly Flagged: Minor deviation of significant detected. Zone peer average recorded higher consumption than this meter. Anomaly persisted across 3 consecutive 15-minute readings (0.8h). LOW: Monitor for recurrence before dispatching.
44,M07002,Z07,Malleshwaram,Low,0.1243634707407658,0.1729166666666666,0.1311704204262933,0.0454978769476607,1,0.1144675925925925,0.1729166666666666,0.177662037037037,0.0,0.9841066023261228,Consumption below 20% of zone mean for 17% of time (possible bypass),Low,Minor Anomaly Flagged: Minor deviation of significant detected. Zone peer average recorded higher consumption than this meter. Anomaly persisted across 3 consecutive 15-minute readings (0.8h). LOW: Monitor for recurrence before dispatching.
45,M04009,Z04,Whitefield,Low,0.1221962580081599,0.0105324074074074,0.2607085275708803,0.0569060175488606,0,0.0105324074074074,0.0,0.0,0.0659722222222222,0.3506637849682565,Periodic high spikes: 6% readings exceed 3x zone mean (illegal equipment risk); Low temporal consistency (autocorr=0.35) — consumption pattern irregular,Low,Minor Anomaly Flagged: Minor deviation of significant detected. Zone peer average recorded higher consumption than this meter. Anomaly persisted across 3 consecutive 15-minute readings (0.8h). LOW: Monitor for recurrence before dispatching.
46,M05005,Z05,Rajajinagar,Low,0.1218188139562456,0.1726851851851852,0.1150891042039972,0.0613734298393275,1,0.1133101851851851,0.1726851851851852,0.1929398148148148,0.0,0.985093055932386,Consumption below 20% of zone mean for 19% of time (possible bypass),Low,Minor Anomaly Flagged: Minor deviation of significant detected. Zone peer average recorded higher consumption than this meter. Anomaly persisted across 3 consecutive 15-minute readings (0.8h). LOW: Monitor for recurrence before dispatching.
47,M07006,Z07,Malleshwaram,Low,0.1116564845443147,0.1717592592592592,0.1001596864430288,0.0459074769054498,1,0.1134259259259259,0.1717592592592592,0.1758101851851851,0.0,0.9852921803072714,Consumption below 20% of zone mean for 17% of time (possible bypass),Low,Minor Anomaly Flagged: Minor deviation of significant detected. Zone peer average recorded higher consumption than this meter. Anomaly persisted across 3 consecutive 15-minute readings (0.8h). LOW: Monitor for recurrence before dispatching.
48,M08005,Z08,Electronic City,Low,0.1100140425193137,0.014699074074074,0.2317139538180017,0.0487351402647484,0,0.014699074074074,0.0,0.0,0.0,0.3442438976568333,Low temporal consistency (autocorr=0.34) — consumption pattern irregular,Low,Minor Anomaly Flagged: Minor deviation of significant detected. Zone peer average recorded higher consumption than this meter. Anomaly persisted across 3 consecutive 15-minute readings (0.8h). LOW: Monitor for recurrence before dispatching.
49,M07005,Z07,Malleshwaram,Low,0.1098813207621293,0.1715277777777777,0.1159319512424424,0.0138952721717205,1,0.1130787037037037,0.1715277777777777,0.0,0.0292824074074074,0.9828235257713954,Periodic high spikes: 2% readings exceed 3x zone mean (illegal equipment risk),Low,Minor Anomaly Flagged: Minor deviation of significant detected. Zone peer average recorded higher consumption than this meter. Anomaly persisted across 3 consecutive 15-minute readings (0.8h). LOW: Monitor for recurrence before dispatching.
50,M03008,Z03,Indiranagar,Low,0.106934079883675,0.1574074074074074,0.1296037182277062,0.0,1,0.142824074074074,0.1574074074074074,0.1006944444444444,0.0,0.9778141992703306,Minor multi-signal deviation from expected consumption pattern,Low,Minor Anomaly Flagged: Minor deviation of significant detected. Zone peer average recorded higher consumption than this meter. Anomaly persisted across 3 consecutive 15-minute readings (0.8h). LOW: Monitor for recurrence before dispatching.
51,M06002,Z06,HSR Layout,Low,0.102930270273395,0.1563657407407407,0.1196657140754882,0.0013439015357619,1,0.1431712962962963,0.1563657407407407,0.0,0.0047453703703703,0.9736375555757556,Minor multi-signal deviation from expected consumption pattern,Low,Minor Anomaly Flagged: Minor deviation of significant detected. Zone peer average recorded higher consumption than this meter. Anomaly persisted across 3 consecutive 15-minute readings (0.8h). LOW: Monitor for recurrence before dispatching.
52,M07003,Z07,Malleshwaram,Low,0.102560565691364,0.1728009259259259,0.0964510477118991,0.0139992901301213,1,0.1157407407407407,0.1728009259259259,0.0,0.0305555555555555,0.9846966130970952,Periodic high spikes: 3% readings exceed 3x zone mean (illegal equipment risk),Low,Minor Anomaly Flagged: Minor deviation of significant detected. Zone peer average recorded higher consumption than this meter. Anomaly persisted across 3 consecutive 15-minute readings (0.8h). LOW: Monitor for recurrence before dispatching.
53,M04003,Z04,Whitefield,Low,0.1025413573795891,0.0103009259259259,0.0669866545976826,0.2885654858657679,0,0.0103009259259259,0.0,0.0689814814814814,0.0,0.3517741674276515,Low temporal consistency (autocorr=0.35) — consumption pattern irregular,Low,Minor Anomaly Flagged: Minor deviation of significant detected. Zone peer average recorded higher consumption than this meter. Anomaly persisted across 3 consecutive 15-minute readings (0.8h). LOW: Monitor for recurrence before dispatching.
54,M03005,Z03,Indiranagar,Low,0.101776623749999,0.1575231481481481,0.1166018062797044,1.1197545061922629e-05,1,0.1444444444444444,0.1575231481481481,0.0998842592592592,0.0,0.978773222530537,Minor multi-signal deviation from expected consumption pattern,Low,Minor Anomaly Flagged: Minor deviation of significant detected. Zone peer average recorded higher consumption than this meter. Anomaly persisted across 3 consecutive 15-minute readings (0.8h). LOW: Monitor for recurrence before dispatching.
55,M05006,Z05,Rajajinagar,Low,0.1015153877516087,0.1746527777777777,0.094122827644635,0.0109511378861298,1,0.1163194444444444,0.1746527777777777,0.0,0.1085648148148148,0.9840515176137058,Periodic high spikes: 10% readings exceed 3x zone mean (illegal equipment risk),Low,Minor Anomaly Flagged: Minor deviation of significant detected. Zone peer average recorded higher consumption than this meter. Anomaly persisted across 3 consecutive 15-minute readings (0.8h). LOW: Monitor for recurrence before dispatching.
56,M03006,Z03,Indiranagar,Low,0.1007306638907653,0.1576388888888888,0.1135923166469798,0.0004805044834493,1,0.1436342592592592,0.1576388888888888,0.1011574074074074,0.0,0.977945732811626,Minor multi-signal deviation from expected consumption pattern,Low,Minor Anomaly Flagged: Minor deviation of significant detected. Zone peer average recorded higher consumption than this meter. Anomaly persisted across 3 consecutive 15-minute readings (0.8h). LOW: Monitor for recurrence before dispatching.
57,M03004,Z03,Indiranagar,Low,0.0983693363592985,0.1579861111111111,0.1073914070821147,0.0004705385502552,1,0.1434027777777777,0.1579861111111111,0.1003472222222222,0.0,0.9786753597900534,Minor multi-signal deviation from expected consumption pattern,Low,Minor Anomaly Flagged: Minor deviation of significant detected. Zone peer average recorded higher consumption than this meter. Anomaly persisted across 3 consecutive 15-minute readings (0.8h). LOW: Monitor for recurrence before dispatching.
58,M04007,Z04,Whitefield,Low,0.0976491410339129,0.0076388888888888,0.0572197413206291,0.2883505335782008,0,0.0076388888888888,0.0,0.0733796296296296,0.0,0.3510436617027464,Low temporal consistency (autocorr=0.35) — consumption pattern irregular,Low,Minor Anomaly Flagged: Minor deviation of significant detected. Zone peer average recorded higher consumption than this meter. Anomaly persisted across 3 consecutive 15-minute readings (0.8h). LOW: Monitor for recurrence before dispatching.
59,M06009,Z06,HSR Layout,Low,0.0947549942022858,0.1563657407407407,0.0993004724572386,0.0012271838405244,1,0.1431712962962963,0.1563657407407407,0.0,0.0039351851851851,0.9783603921652568,Minor multi-signal deviation from expected consumption pattern,Low,Minor Anomaly Flagged: Minor deviation of significant detected. Zone peer average recorded higher consumption than this meter. Anomaly persisted across 3 consecutive 15-minute readings (0.8h). LOW: Monitor for recurrence before dispatching.
60,M01008,Z01,Jayanagar,Low,0.0924290215739664,0.1717592592592592,0.0701804270792366,0.0169644400061242,1,0.1144675925925925,0.1717592592592592,0.0125,0.0009259259259259,0.981875370080068,Minor multi-signal deviation from expected consumption pattern,Low,Minor Anomaly Flagged: Minor deviation of significant detected. Zone peer average recorded higher consumption than this meter. Anomaly persisted across 3 consecutive 15-minute readings (0.8h). LOW: Monitor for recurrence before dispatching.
61,M01010,Z01,Jayanagar,Low,0.0856124954444689,0.1712962962962963,0.0610437054574244,0.0049652382311819,1,0.1131944444444444,0.1712962962962963,0.0,0.0421296296296296,0.9694701348710636,Periodic high spikes: 4% readings exceed 3x zone mean (illegal equipment risk),Low,Minor Anomaly Flagged: Minor deviation of significant detected. Zone peer average recorded higher consumption than this meter. Anomaly persisted across 3 consecutive 15-minute readings (0.8h). LOW: Monitor for recurrence before dispatching.
62,M04004,Z04,Whitefield,Low,0.0842017749772147,0.0142361111111111,0.1619915727927519,0.0576900278849005,0,0.0142361111111111,0.0,0.0,0.0,0.3474177346634809,Low temporal consistency (autocorr=0.35) — consumption pattern irregular,Low,Minor Anomaly Flagged: Minor deviation of significant detected. Zone peer average recorded higher consumption than this meter. Anomaly persisted across 3 consecutive 15-minute readings (0.8h). LOW: Monitor for recurrence before dispatching.
63,M03001,Z03,Indiranagar,Low,0.0814726444778006,0.1574074074074074,0.0658292078777279,0.0001934749364673,1,0.1438657407407407,0.1574074074074074,0.1008101851851851,0.0,0.9786162160009908,Minor multi-signal deviation from expected consumption pattern,Low,Minor Anomaly Flagged: Minor deviation of significant detected. Zone peer average recorded higher consumption than this meter. Anomaly persisted across 3 consecutive 15-minute readings (0.8h). LOW: Monitor for recurrence before dispatching.
64,M07001,Z07,Malleshwaram,Low,0.0764120809033202,0.1734953703703703,0.0303279634460156,0.0142300635811374,1,0.1136574074074074,0.1734953703703703,0.0210648148148148,0.0008101851851851,0.9848524964105192,Minor multi-signal deviation from expected consumption pattern,Low,Minor Anomaly Flagged: Minor deviation of significant detected. Zone peer average recorded higher consumption than this meter. Anomaly persisted across 3 consecutive 15-minute readings (0.8h). LOW: Monitor for recurrence before dispatching.
65,M06008,Z06,HSR Layout,Low,0.0748859344524701,0.1583333333333333,0.0460597025916766,0.0041815469965312,1,0.1436342592592592,0.1583333333333333,0.1069444444444444,0.0,0.9781221979406048,Minor multi-signal deviation from expected consumption pattern,Low,Minor Anomaly Flagged: Minor deviation of significant detected. Zone peer average recorded higher consumption than this meter. Anomaly persisted across 3 consecutive 15-minute readings (0.8h). LOW: Monitor for recurrence before dispatching.
66,M01003,Z01,Jayanagar,Low,0.0713301071319213,0.1725694444444444,0.0166499551238931,0.017083278107234,1,0.1138888888888888,0.1725694444444444,0.0104166666666666,0.0015046296296296,0.9849503886595484,Minor multi-signal deviation from expected consumption pattern,Low,Minor Anomaly Flagged: Minor deviation of significant detected. Zone peer average recorded higher consumption than this meter. Anomaly persisted across 3 consecutive 15-minute readings (0.8h). LOW: Monitor for recurrence before dispatching.
67,M06003,Z06,HSR Layout,Low,0.0676695253659379,0.1571759259259259,0.0290292550599893,0.0041849970714725,1,0.143287037037037,0.1571759259259259,0.1059027777777777,0.0,0.9785159090409384,Minor multi-signal deviation from expected consumption pattern,Low,Minor Anomaly Flagged: Minor deviation of significant detected. Zone peer average recorded higher consumption than this meter. Anomaly persisted across 3 consecutive 15-minute readings (0.8h). LOW: Monitor for recurrence before dispatching.
68,M06001,Z06,HSR Layout,Low,0.0645128490955439,0.1565972222222222,0.0233921429793697,0.001387856504073,1,0.143287037037037,0.1565972222222222,0.0,0.0046296296296296,0.9787512394831638,Minor multi-signal deviation from expected consumption pattern,Low,Minor Anomaly Flagged: Minor deviation of significant detected. Zone peer average recorded higher consumption than this meter. Anomaly persisted across 3 consecutive 15-minute readings (0.8h). LOW: Monitor for recurrence before dispatching.
69,M04010,Z04,Whitefield,Low,0.0638494366084823,0.0130787037037037,0.0765742871558353,0.1145687017994075,0,0.0130787037037037,0.0,0.0,0.0,0.352747986161615,Low temporal consistency (autocorr=0.35) — consumption pattern irregular,Low,Minor Anomaly Flagged: Minor deviation of significant detected. Zone peer average recorded higher consumption than this meter. Anomaly persisted across 3 consecutive 15-minute readings (0.8h). LOW: Monitor for recurrence before dispatching.
70,M07009,Z07,Malleshwaram,Low,0.0635847929768664,0.1715277777777777,2.493790951518804e-09,0.0142002790285112,1,0.1149305555555555,0.1715277777777777,0.0228009259259259,0.0006944444444444,0.9851452860184812,Minor multi-signal deviation from expected consumption pattern,Low,Minor Anomaly Flagged: Minor deviation of significant detected. Zone peer average recorded higher consumption than this meter. Anomaly persisted across 3 consecutive 15-minute readings (0.8h). LOW: Monitor for recurrence before dispatching.
71,M05010,Z05,Rajajinagar,Low,0.0634891461738424,0.1736111111111111,5.707690986511693e-09,0.0109010200075085,1,0.115162037037037,0.1736111111111111,0.0,0.1100694444444444,0.9851066014126516,Periodic high spikes: 11% readings exceed 3x zone mean (illegal equipment risk),Low,Minor Anomaly Flagged: Minor deviation of significant detected. Zone peer average recorded higher consumption than this meter. Anomaly persisted across 3 consecutive 15-minute readings (0.8h). LOW: Monitor for recurrence before dispatching.
72,M01002,Z01,Jayanagar,Low,0.062258773751232,0.1746527777777777,2.689294009705634e-09,0.0045212018131689,1,0.1167824074074074,0.1746527777777777,0.0,0.0425925925925925,0.9826630118753984,Periodic high spikes: 4% readings exceed 3x zone mean (illegal equipment risk),Low,Minor Anomaly Flagged: Minor deviation of significant detected. Zone peer average recorded higher consumption than this meter. Anomaly persisted across 3 consecutive 15-minute readings (0.8h). LOW: Monitor for recurrence before dispatching.
73,M01009,Z01,Jayanagar,Low,0.0619476440622156,0.1707175925925926,0.0026206458744827,0.0045929132200605,1,0.1114583333333333,0.1707175925925926,0.0,0.0420138888888888,0.9787260598769644,Periodic high spikes: 4% readings exceed 3x zone mean (illegal equipment risk),Low,Minor Anomaly Flagged: Minor deviation of significant detected. Zone peer average recorded higher consumption than this meter. Anomaly persisted across 3 consecutive 15-minute readings (0.8h). LOW: Monitor for recurrence before dispatching.
74,M06007,Z06,HSR Layout,Low,0.055936812325604,0.1567129629629629,2.657484010626376e-09,0.0043490969022936,1,0.1435185185185185,0.1567129629629629,0.1074074074074074,0.0,0.978932641566562,Minor multi-signal deviation from expected consumption pattern,Low,Minor Anomaly Flagged: Minor deviation of significant detected. Zone peer average recorded higher consumption than this meter. Anomaly persisted across 3 consecutive 15-minute readings (0.8h). LOW: Monitor for recurrence before dispatching.
75,M03003,Z03,Indiranagar,Low,0.055194807865428,0.1574074074074074,2.299118340154393e-09,0.0004088574127524,1,0.1431712962962963,0.1574074074074074,0.1012731481481481,0.0,0.9784121174127732,Minor multi-signal deviation from expected consumption pattern,Low,Minor Anomaly Flagged: Minor deviation of significant detected. Zone peer average recorded higher consumption than this meter. Anomaly persisted across 3 consecutive 15-minute readings (0.8h). LOW: Monitor for recurrence before dispatching.
76,M08001,Z08,Electronic City,Low,0.0487470765886406,0.015625,0.0777542054641287,0.0487065776119567,0,0.015625,0.0,0.0,0.0,0.3531755708389116,Low temporal consistency (autocorr=0.35) — consumption pattern irregular,Low,Minor Anomaly Flagged: Minor deviation of significant detected. Zone peer average recorded higher consumption than this meter. Anomaly persisted across 3 consecutive 15-minute readings (0.8h). LOW: Monitor for recurrence before dispatching.
77,M08003,Z08,Electronic City,Low,0.0450744204171887,0.0103009259259259,0.0709407933672534,0.0523711159848532,0,0.0103009259259259,0.0,0.0,0.0,0.3477177193420688,Low temporal consistency (autocorr=0.35) — consumption pattern irregular,Low,Minor Anomaly Flagged: Minor deviation of significant detected. Zone peer average recorded higher consumption than this meter. Anomaly persisted across 3 consecutive 15-minute readings (0.8h). LOW: Monitor for recurrence before dispatching.
78,M04005,Z04,Whitefield,Low,0.0351123966959052,0.0186342592592592,3.076985444216973e-09,0.1143616188974812,0,0.0186342592592592,0.0,0.0,0.0,0.3508764714567322,Low temporal consistency (autocorr=0.35) — consumption pattern irregular,Low,Minor Anomaly Flagged: Minor deviation of significant detected. Zone peer average recorded higher consumption than this meter. Anomaly persisted across 3 consecutive 15-minute readings (0.8h). LOW: Monitor for recurrence before dispatching.
79,M08010,Z08,Electronic City,Low,0.0220745471564774,0.0116898148148148,0.01452483032102,0.048692719371537,0,0.0116898148148148,0.0,0.0,0.0,0.3501173533732473,Low temporal consistency (autocorr=0.35) — consumption pattern irregular,Low,Minor Anomaly Flagged: Minor deviation of significant detected. Zone peer average recorded higher consumption than this meter. Anomaly persisted across 3 consecutive 15-minute readings (0.8h). LOW: Monitor for recurrence before dispatching.
80,M08004,Z08,Electronic City,Low,0.0157780971478248,0.0103009259259259,2.856553105168302e-09,0.0486910877245181,0,0.0103009259259259,0.0,0.0,0.0,0.3498948548580051,Low temporal consistency (autocorr=0.35) — consumption pattern irregular,Low,Minor Anomaly Flagged: Minor deviation of significant detected. Zone peer average recorded higher consumption than this meter. Anomaly persisted across 3 consecutive 15-minute readings (0.8h). LOW: Monitor for recurrence before dispatching.
